CustomerID,FirstName,LastName,FullName,EmailAddress,Phone
293,Catherine,Abel,Catherine Abel,catherine.abel@company.com,(304) 532-1679
295,Kim,Abercrombie,Kim Abercrombie,kim.abercrombie@company.com,(396) 201-3582
297,Humberto,Acevedo,Humberto Acevedo,humberto.acevedo@company.com,(589) 283-8928
291,Gustavo,Achong,Gustavo Achong,gustavo.achong@company.com,(837) 602-6924
299,Pilar,Ackerman,Pilar Ackerman,pilar.ackerman@company.com,(742) 551-1519
305,Carla,Adams,Carla Adams,carla.adams@company.com,(815) 794-0711
301,Frances,Adams,Frances Adams,frances.adams@company.com,(981) 818-4803
307,Jay,Adams,Jay Adams,jay.adams@company.com,(793) 303-4741
309,Ronald,Adina,Ronald Adina,ronald.adina@company.com,(331) 847-5977
311,Samuel,Agcaoili,Samuel Agcaoili,samuel.agcaoili@company.com,(455) 541-9980
313,James,Aguilar,James Aguilar,james.aguilar@company.com,(483) 476-4422
315,Robert,Ahlering,Robert Ahlering,robert.ahlering@company.com,(550) 505-6572
319,Kim,Akers,Kim Akers,kim.akers@company.com,(613) 737-6482
441,Stanley,Alan,Stanley Alan,stanley.alan@company.com,(924) 438-8830
323,Amy,Alberts,Amy Alberts,amy.alberts@company.com,(696) 853-2266
325,Anna,Albright,Anna Albright,anna.albright@company.com,(910) 322-6916
327,Milton,Albury,Milton Albury,milton.albury@company.com,(366) 984-9064
329,Paul,Alcorn,Paul Alcorn,paul.alcorn@company.com,(218) 651-4808
331,Gregory,Alderson,Gregory Alderson,gregory.alderson@company.com,(827) 248-2927
333,J. Phillip,Alexander,J. Phillip Alexander,j.alexander@company.com,(348) 525-2646
1149,Mary,Alexander,Mary Alexander,mary.alexander@company.com,(295) 901-5947
335,Michelle,Alexander,Michelle Alexander,michelle.alexander@company.com,(630) 591-1403
341,Marvin,Allen,Marvin Allen,marvin.allen@company.com,(918) 427-9007
343,Michael,Allen,Michael Allen,michael.allen@company.com,(448) 838-3295
339,Phyllis,Allen,Phyllis Allen,phyllis.allen@company.com,(665) 987-1982
345,Cecil,Allison,Cecil Allison,cecil.allison@company.com,(531) 709-9075
347,Oscar,Alpuerto,Oscar Alpuerto,oscar.alpuerto@company.com,(593) 210-3750
349,Sandra,Altamirano,Sandra Altamirano,sandra.altamirano@company.com,(305) 383-4562
351,Selena,Alvarado,Selena Alvarado,selena.alvarado@company.com,(938) 499-7744
353,Emilio,Alvaro,Emilio Alvaro,emilio.alvaro@company.com,(576) 511-7062
355,Maxwell,Amland,Maxwell Amland,maxwell.amland@company.com,(766) 901-0993
357,Mae,Anderson,Mae Anderson,mae.anderson@company.com,(851) 533-8786
359,Ramona,Antrim,Ramona Antrim,ramona.antrim@company.com,(926) 447-4092
361,Sabria,Appelbaum,Sabria Appelbaum,sabria.appelbaum@company.com,(378) 308-0241
363,Hannah,Arakawa,Hannah Arakawa,hannah.arakawa@company.com,(332) 877-3502
365,Kyley,Arbelaez,Kyley Arbelaez,kyley.arbelaez@company.com,(802) 806-4345
369,Thomas,Armstrong,Thomas Armstrong,thomas.armstrong@company.com,(946) 923-4861
371,John,Arthur,John Arthur,john.arthur@company.com,(509) 250-0821
373,Chris,Ashton,Chris Ashton,chris.ashton@company.com,(988) 408-1312
375,Teresa,Atkinson,Teresa Atkinson,teresa.atkinson@company.com,(419) 336-1964
377,John,Ault,John Ault,john.ault@company.com,(599) 291-6868
379,Robert,Avalos,Robert Avalos,robert.avalos@company.com,(743) 734-6484
381,Stephen,Ayers,Stephen Ayers,stephen.ayers@company.com,(447) 710-7508
383,Phillip,Bacalzo,Phillip Bacalzo,phillip.bacalzo@company.com,(318) 584-2170
389,James,Bailey,James Bailey,james.bailey@company.com,(713) 742-7179
391,Douglas,Baldwin,Douglas Baldwin,douglas.baldwin@company.com,(698) 284-1697
393,Jennifer,Bales,Jennifer Bales,jennifer.bales@company.com,(441) 382-4462
397,Wayne,Banack,Wayne Banack,wayne.banack@company.com,(693) 734-8280
405,Robert,Barker,Robert Barker,robert.barker@company.com,(940) 364-0722
407,Rebecca,Barley,Rebecca Barley,rebecca.barley@company.com,(252) 627-9038
409,Brenda,Barlow,Brenda Barlow,brenda.barlow@company.com,(880) 312-8938
411,Josh,Barnhill,Josh Barnhill,josh.barnhill@company.com,(259) 462-0685
413,Adam,Barr,Adam Barr,adam.barr@company.com,(650) 733-1684
419,David,Bartness,David Bartness,david.bartness@company.com,(786) 432-2900
417,Gytis,Barzdukas,Gytis Barzdukas,gytis.barzdukas@company.com,(802) 763-4371
421,Karel,Bates,Karel Bates,karel.bates@company.com,(416) 273-3269
427,Shaun,Beasley,Shaun Beasley,shaun.beasley@company.com,(954) 530-3164
429,John,Beaver,John Beaver,john.beaver@company.com,(854) 345-8346
431,Christopher,Beck,Christopher Beck,christopher.beck@company.com,(885) 214-2925
435,Benjamin,Becker,Benjamin Becker,benjamin.becker@company.com,(601) 855-7149
437,Ann,Beebe,Ann Beebe,ann.beebe@company.com,(369) 540-7144
439,Shane,Belli,Shane Belli,shane.belli@company.com,(288) 556-1146
443,Mason,Bendixen,Mason Bendixen,mason.bendixen@company.com,(795) 348-5067
445,John,Bennetts,John Bennetts,john.bennetts@company.com,(856) 682-3143
449,Edna,Benson,Edna Benson,edna.benson@company.com,(862) 668-0006
453,Max,Benson,Max Benson,max.benson@company.com,(643) 899-5279
451,Payton,Benson,Payton Benson,payton.benson@company.com,(977) 587-2780
455,Scot,Bent,Scot Bent,scot.bent@company.com,(348) 713-5085
463,Alexander,Berger,Alexander Berger,alexander.berger@company.com,(532) 203-7784
465,John,Berger,John Berger,john.berger@company.com,(376) 567-6547
471,Robert,Bernacchi,Robert Bernacchi,robert.bernacchi@company.com,(520) 363-2881
473,Matthias,Berndt,Matthias Berndt,matthias.berndt@company.com,(908) 517-2184
475,John,Berry,John Berry,john.berry@company.com,(988) 779-8270
479,Chris,Bidelman,Chris Bidelman,chris.bidelman@company.com,(887) 477-4246
481,Mary,Billstrom,Mary Billstrom,mary.billstrom@company.com,(548) 934-7206
483,Jimmy,Bischoff,Jimmy Bischoff,jimmy.bischoff@company.com,(343) 655-8849
487,Mae,Black,Mae Black,mae.black@company.com,(322) 562-3505
489,Jackie,Blackwell,Jackie Blackwell,jackie.blackwell@company.com,(366) 787-6812
385,Daniel,Blanco,Daniel Blanco,daniel.blanco@company.com,(236) 890-9432
491,Donald,Blanton,Donald Blanton,donald.blanton@company.com,(870) 746-6865
495,Michael,Blythe,Michael Blythe,michael.blythe@company.com,(573) 667-0475
497,Gabriel,Bockenkamp,Gabriel Bockenkamp,gabriel.bockenkamp@company.com,(856) 472-8751
501,Corinna,Bolender,Corinna Bolender,corinna.bolender@company.com,(269) 216-2223
503,Luis,Bonifaz,Luis Bonifaz,luis.bonifaz@company.com,(920) 665-3467
387,Cory,Booth,Cory Booth,cory.booth@company.com,(955) 846-4133
505,Randall,Boseman,Randall Boseman,randall.boseman@company.com,(370) 253-1124
507,Stephanie,Bourne,Stephanie Bourne,stephanie.bourne@company.com,(203) 509-2496
509,Eli,Bowen,Eli Bowen,eli.bowen@company.com,(527) 393-7619
511,Lester,Bowman,Lester Bowman,lester.bowman@company.com,(652) 324-1771
513,David,Bradley,David Bradley,david.bradley@company.com,(249) 863-1245
515,Cornelius,Brandon,Cornelius Brandon,cornelius.brandon@company.com,(514) 390-5688
517,Richard,Bready,Richard Bready,richard.bready@company.com,(851) 706-8031
519,Sara,Breer,Sara Breer,sara.breer@company.com,(365) 926-2885
521,Ted,Bremer,Ted Bremer,ted.bremer@company.com,(698) 976-9707
523,Alan,Brewer,Alan Brewer,alan.brewer@company.com,(653) 347-3995
525,Walter,Brian,Walter Brian,walter.brian@company.com,(999) 850-8098
527,Christopher,Bright,Christopher Bright,christopher.bright@company.com,(727) 554-5576
531,David,Brink,David Brink,david.brink@company.com,(694) 283-1402
533,John,Brooks,John Brooks,john.brooks@company.com,(567) 577-7342
535,Willie,Brooks,Willie Brooks,willie.brooks@company.com,(214) 563-5016
537,Carolee,Brown,Carolee Brown,carolee.brown@company.com,(778) 768-5419
539,Jo,Brown,Jo Brown,jo.brown@company.com,(774) 643-1976
541,Robert,Brown,Robert Brown,robert.brown@company.com,(551) 433-7933
477,Steven,Brown,Steven Brown,steven.brown@company.com,(698) 613-4853
543,Kevin,Browne,Kevin Browne,kevin.browne@company.com,(552) 608-2073
547,Dave,Browning,Dave Browning,dave.browning@company.com,(600) 627-1680
545,Mary,Browning,Mary Browning,mary.browning@company.com,(294) 977-5582
549,Bridget,Browqett,Bridget Browqett,bridget.browqett@company.com,(404) 911-6565
551,Eric,Brumfield,Eric Brumfield,eric.brumfield@company.com,(919) 222-9221
553,Dick,Brummer,Dick Brummer,dick.brummer@company.com,(613) 386-9933
555,Michael,Brundage,Michael Brundage,michael.brundage@company.com,(586) 974-9642
557,Shirley,Bruner,Shirley Bruner,shirley.bruner@company.com,(849) 291-3404
559,June,Brunner,June Brunner,june.brunner@company.com,(541) 432-9043
561,Dirk,Bruno,Dirk Bruno,dirk.bruno@company.com,(320) 879-7699
563,Nancy,Buchanan,Nancy Buchanan,nancy.buchanan@company.com,(603) 647-1166
565,Janaina Barreiro Gambaro,Bueno,Janaina Barreiro Gambaro Bueno,janaina.bueno@company.com,(549) 561-8922
567,Edward,Buensalido,Edward Buensalido,edward.buensalido@company.com,(524) 410-2718
569,Megan,Burke,Megan Burke,megan.burke@company.com,(699) 671-7679
573,Karren,Burkhardt,Karren Burkhardt,karren.burkhardt@company.com,(664) 971-9798
577,Dana,Burnell,Dana Burnell,dana.burnell@company.com,(265) 601-3750
493,Linda,Burnett,Linda Burnett,linda.burnett@company.com,(249) 227-8502
579,Timothy,Burnett,Timothy Burnett,timothy.burnett@company.com,(942) 871-7700
581,Stephen,Burton,Stephen Burton,stephen.burton@company.com,(765) 712-5403
583,Deanna,Buskirk,Deanna Buskirk,deanna.buskirk@company.com,(874) 880-7451
585,Jared,Bustamante,Jared Bustamante,jared.bustamante@company.com,(354) 716-8431
587,Richard,Byham,Richard Byham,richard.byham@company.com,(287) 803-8494
589,David,Byrnes,David Byrnes,david.byrnes@company.com,(797) 903-4375
591,Ryan,Calafato,Ryan Calafato,ryan.calafato@company.com,(447) 910-9975
595,Mari,Caldwell,Mari Caldwell,mari.caldwell@company.com,(524) 286-1527
597,Barbara,Calone,Barbara Calone,barbara.calone@company.com,(517) 327-4781
599,Lindsey,Camacho,Lindsey Camacho,lindsey.camacho@company.com,(667) 937-9031
601,Gustavo,Camargo,Gustavo Camargo,gustavo.camargo@company.com,(463) 414-6798
603,DeeDee,Cameron,DeeDee Cameron,deedee.cameron@company.com,(784) 244-9616
609,David,Campbell,David Campbell,david.campbell@company.com,(927) 955-9042
1295,Frank,Campbell,Frank Campbell,frank.campbell@company.com,(875) 539-6274
607,Joan,Campbell,Joan Campbell,joan.campbell@company.com,(560) 776-6325
611,Henry,Campen,Henry Campen,henry.campen@company.com,(470) 489-5439
613,Chris,Cannon,Chris Cannon,chris.cannon@company.com,(371) 902-6717
615,Joseph,Cantoni,Joseph Cantoni,joseph.cantoni@company.com,(417) 659-6512
617,Suzana De Abreu,Canuto,Suzana De Abreu Canuto,suzana.canuto@company.com,(358) 857-8864
619,Jun,Cao,Jun Cao,jun.cao@company.com,(291) 543-1480
621,Johnny,Caprio,Johnny Caprio,johnny.caprio@company.com,(924) 205-0919
623,Richard,Carey,Richard Carey,richard.carey@company.com,(655) 823-8702
625,Carlton,Carlisle,Carlton Carlisle,carlton.carlisle@company.com,(892) 421-9985
649,Pamela,Carlson,Pamela Carlson,pamela.carlson@company.com,(893) 992-3804
627,Ty Loren,Carlson,Ty Loren Carlson,ty.carlson@company.com,(947) 607-4712
629,Jane,Carmichael,Jane Carmichael,jane.carmichael@company.com,(417) 794-6951
631,Jovita,Carmody,Jovita Carmody,jovita.carmody@company.com,(674) 567-1747
633,Steve,Carnes,Steve Carnes,steve.carnes@company.com,(569) 794-4837
635,Fernando,Caro,Fernando Caro,fernando.caro@company.com,(264) 290-9935
637,Rob,Caron,Rob Caron,rob.caron@company.com,(943) 733-4106
639,Andy,Carothers,Andy Carothers,andy.carothers@company.com,(410) 670-9495
641,Donna,Carreras,Donna Carreras,donna.carreras@company.com,(721) 656-2877
643,Rosmarie,Carroll,Rosmarie Carroll,rosmarie.carroll@company.com,(528) 788-4465
647,Joseph,Castellucio,Joseph Castellucio,joseph.castellucio@company.com,(447) 651-7673
651,Raul,Casts,Raul Casts,raul.casts@company.com,(323) 885-1479
653,Elizabeth,Catalano,Elizabeth Catalano,elizabeth.catalano@company.com,(804) 375-4295
655,Matthew,Cavallari,Matthew Cavallari,matthew.cavallari@company.com,(851) 570-9198
657,Brigid,Cavendish,Brigid Cavendish,brigid.cavendish@company.com,(793) 374-6689
659,Andrew,Cencini,Andrew Cencini,andrew.cencini@company.com,(320) 247-1902
661,Stacey,Cereghino,Stacey Cereghino,stacey.cereghino@company.com,(338) 467-6078
663,Baris,Cetinok,Baris Cetinok,baris.cetinok@company.com,(892) 817-6686
665,Sean,Chai,Sean Chai,sean.chai@company.com,(605) 577-3868
667,Pat,Chambers,Pat Chambers,pat.chambers@company.com,(715) 706-4520
669,Forrest,Chandler,Forrest Chandler,forrest.chandler@company.com,(517) 339-0349
671,Lee,Chapla,Lee Chapla,lee.chapla@company.com,(253) 493-1124
675,Neil,Charney,Neil Charney,neil.charney@company.com,(593) 552-9764
683,Yao-Qiang,Cheng,Yao-Qiang Cheng,yao.cheng@company.com,(242) 484-2858
685,Nicky,Chesnut,Nicky Chesnut,nicky.chesnut@company.com,(302) 253-9647
687,Susan,Chestnut,Susan Chestnut,susan.chestnut@company.com,(702) 602-6897
689,Martin,Chisholm,Martin Chisholm,martin.chisholm@company.com,(317) 958-9726
691,Mike,Choi,Mike Choi,mike.choi@company.com,(378) 590-8543
693,Ruth,Choin,Ruth Choin,ruth.choin@company.com,(670) 276-6984
695,Anthony,Chor,Anthony Chor,anthony.chor@company.com,(377) 315-9966
681,Pei,Chow,Pei Chow,pei.chow@company.com,(412) 699-8984
697,Charles,Christensen,Charles Christensen,charles.christensen@company.com,(769) 678-9919
699,Jill,Christie,Jill Christie,jill.christie@company.com,(567) 565-7430
701,Alice,Clark,Alice Clark,alice.clark@company.com,(861) 765-4176
703,Gina,Clark,Gina Clark,gina.clark@company.com,(727) 311-1527
705,James,Clark,James Clark,james.clark@company.com,(815) 480-9608
707,Jane,Clayton,Jane Clayton,jane.clayton@company.com,(716) 760-4712
709,Kristine,Cleary,Kristine Cleary,kristine.cleary@company.com,(651) 527-3674
713,Connie,Coffman,Connie Coffman,connie.coffman@company.com,(358) 714-9406
715,Jeanette,Cole,Jeanette Cole,jeanette.cole@company.com,(568) 294-0474
717,Eric,Coleman,Eric Coleman,eric.coleman@company.com,(444) 750-2972
719,Pat,Coleman,Pat Coleman,pat.coleman@company.com,(496) 320-1503
721,Takiko,Collins,Takiko Collins,takiko.collins@company.com,(566) 952-6062
723,John,Colon,John Colon,john.colon@company.com,(659) 302-2579
725,Scott,Colvin,Scott Colvin,scott.colvin@company.com,(214) 967-9946
727,Aaron,Con,Aaron Con,aaron.con@company.com,(964) 581-5655
729,Peter,Connelly,Peter Connelly,peter.connelly@company.com,(814) 984-0744
731,William,Conner,William Conner,william.conner@company.com,(569) 203-4938
733,Stephanie,Conroy,Stephanie Conroy,stephanie.conroy@company.com,(524) 651-0126
735,Amy,Consentino,Amy Consentino,amy.consentino@company.com,(962) 468-3770
737,Dorothy,Contreras,Dorothy Contreras,dorothy.contreras@company.com,(716) 260-7532
739,Patrick,Cook,Patrick Cook,patrick.cook@company.com,(359) 896-6843
741,Scott,Cooper,Scott Cooper,scott.cooper@company.com,(616) 252-7538
743,Eva,Corets,Eva Corets,eva.corets@company.com,(716) 336-9648
745,Marlin,Coriell,Marlin Coriell,marlin.coriell@company.com,(881) 845-3630
751,Pamela,Cox,Pamela Cox,pamela.cox@company.com,(721) 388-3176
753,Jack,Creasey,Jack Creasey,jack.creasey@company.com,(752) 512-4193
757,Shelley,Crow,Shelley Crow,shelley.crow@company.com,(529) 412-8095
759,Grant,Culbertson,Grant Culbertson,grant.culbertson@company.com,(999) 999-5295
761,Scott,Culp,Scott Culp,scott.culp@company.com,(727) 377-4961
763,Conor,Cunningham,Conor Cunningham,conor.cunningham@company.com,(690) 781-5085
765,Jose,Curry,Jose Curry,jose.curry@company.com,(970) 254-1257
769,Ryan,Danner,Ryan Danner,ryan.danner@company.com,(399) 879-9081
771,Mike,Danseglio,Mike Danseglio,mike.danseglio@company.com,(279) 559-7792
773,Megan,Davis,Megan Davis,megan.davis@company.com,(407) 351-8266
775,Alvaro,De Matos Miranda Filho,Alvaro De Matos Miranda Filho,alvaro.filho@company.com,(403) 978-8564
777,Jose,De Oliveira,Jose De Oliveira,jose.oliveira@company.com,(455) 666-5543
779,Jacob,Dean,Jacob Dean,jacob.dean@company.com,(251) 718-6333
781,Alexander,Deborde,Alexander Deborde,alexander.deborde@company.com,(649) 451-9547
783,Barbara,Decker,Barbara Decker,barbara.decker@company.com,(454) 829-1388
785,Kirk,DeGrasse,Kirk DeGrasse,kirk.degrasse@company.com,(686) 728-1531
787,Aidan,Delaney,Aidan Delaney,aidan.delaney@company.com,(885) 254-2953
789,Stefan,Delmarco,Stefan Delmarco,stefan.delmarco@company.com,(557) 532-2538
791,Shawn,Demicell,Shawn Demicell,shawn.demicell@company.com,(341) 259-2147
793,Della,Demott Jr,Della Demott Jr,della.jr@company.com,(822) 492-7170
795,Bruno,Deniut,Bruno Deniut,bruno.deniut@company.com,(265) 579-4668
797,Helen,Dennis,Helen Dennis,helen.dennis@company.com,(938) 547-3178
799,Prashanth,Desai,Prashanth Desai,prashanth.desai@company.com,(797) 946-8239
801,Bev,Desalvo,Bev Desalvo,bev.desalvo@company.com,(823) 440-7873
767,Thierry,D'Hers,Thierry D'Hers,thierry.hers@company.com,(781) 341-2626
803,Brenda,Diaz,Brenda Diaz,brenda.diaz@company.com,(678) 461-3637
805,Gabriele,Dickmann,Gabriele Dickmann,gabriele.dickmann@company.com,(950) 806-8224
807,Holly,Dickson,Holly Dickson,holly.dickson@company.com,(736) 353-0461
809,Dick,Dievendorff,Dick Dievendorff,dick.dievendorff@company.com,(715) 420-4700
811,Rudolph,Dillon,Rudolph Dillon,rudolph.dillon@company.com,(927) 990-1298
813,Andrew,Dixon,Andrew Dixon,andrew.dixon@company.com,(243) 489-8647
815,Blaine,Dockter,Blaine Dockter,blaine.dockter@company.com,(814) 541-0782
817,Cindy,Dodd,Cindy Dodd,cindy.dodd@company.com,(569) 911-8189
819,John,Donovan,John Donovan,john.donovan@company.com,(289) 524-7032
821,Patricia,Doyle,Patricia Doyle,patricia.doyle@company.com,(295) 596-3068
825,Gary,Drury,Gary Drury,gary.drury@company.com,(385) 388-8312
823,Gerald,Drury,Gerald Drury,gerald.drury@company.com,(267) 265-4155
827,Reuben,D'sa,Reuben D'sa,reuben.sa@company.com,(251) 731-9533
829,Ed,Dudenhoefer,Ed Dudenhoefer,ed.dudenhoefer@company.com,(720) 785-2868
831,Bernard,Duerr,Bernard Duerr,bernard.duerr@company.com,(972) 417-0605
833,Tish,Duff,Tish Duff,tish.duff@company.com,(630) 505-5080
835,Adrian,Dumitrascu,Adrian Dumitrascu,adrian.dumitrascu@company.com,(887) 603-4687
837,Bart,Duncan,Bart Duncan,bart.duncan@company.com,(705) 615-7159
839,Maciej,Dusza,Maciej Dusza,maciej.dusza@company.com,(876) 727-8151
841,Shelley,Dyck,Shelley Dyck,shelley.dyck@company.com,(784) 361-7055
843,Linda,Ecoffey,Linda Ecoffey,linda.ecoffey@company.com,(484) 711-5372
845,Carla,Eldridge,Carla Eldridge,carla.eldridge@company.com,(647) 827-5759
847,Carol,Elliott,Carol Elliott,carol.elliott@company.com,(905) 840-1229
849,Shannon,Elliott,Shannon Elliott,shannon.elliott@company.com,(858) 402-9954
851,Jauna,Elson,Jauna Elson,jauna.elson@company.com,(902) 335-5933
853,Michael,Emanuel,Michael Emanuel,michael.emanuel@company.com,(890) 475-6095
855,Terry,Eminhizer,Terry Eminhizer,terry.eminhizer@company.com,(919) 485-6521
857,John,Emory,John Emory,john.emory@company.com,(743) 302-8176
859,Gail,Erickson,Gail Erickson,gail.erickson@company.com,(881) 647-3515
861,Mark,Erickson,Mark Erickson,mark.erickson@company.com,(673) 321-7406
863,Martha,Espinoza,Martha Espinoza,martha.espinoza@company.com,(471) 751-9011
867,Janeth,Esteves,Janeth Esteves,janeth.esteves@company.com,(642) 458-3673
871,Ann,Evans,Ann Evans,ann.evans@company.com,(332) 570-5912
873,John,Evans,John Evans,john.evans@company.com,(778) 491-1077
869,Twanna,Evans,Twanna Evans,twanna.evans@company.com,(667) 869-1208
875,Marc,Faeber,Marc Faeber,marc.faeber@company.com,(451) 978-5644
877,Fadi,Fakhouri,Fadi Fakhouri,fadi.fakhouri@company.com,(489) 426-8238
879,Carolyn,Farino,Carolyn Farino,carolyn.farino@company.com,(218) 442-2653
881,Geri,Farrell,Geri Farrell,geri.farrell@company.com,(735) 614-3216
883,Hanying,Feng,Hanying Feng,hanying.feng@company.com,(624) 382-9696
317,François,Ferrier,François Ferrier,francois.ferrier@company.com,(429) 790-0464
889,James,Fine,James Fine,james.fine@company.com,(309) 639-6825
885,Rhoda,Finley,Rhoda Finley,rhoda.finley@company.com,(278) 647-4012
887,Duane,Fitzgerald,Duane Fitzgerald,duane.fitzgerald@company.com,(847) 302-7202
891,Kathie,Flood,Kathie Flood,kathie.flood@company.com,(877) 559-2353
893,Jay,Fluegel,Jay Fluegel,jay.fluegel@company.com,(755) 825-8437
895,Kelly,Focht,Kelly Focht,kelly.focht@company.com,(353) 914-7366
897,Jeffrey,Ford,Jeffrey Ford,jeffrey.ford@company.com,(521) 246-6850
913,John,Ford,John Ford,john.ford@company.com,(525) 732-8163
899,Garth,Fort,Garth Fort,garth.fort@company.com,(974) 901-6442
901,Dorothy,Fox,Dorothy Fox,dorothy.fox@company.com,(933) 700-4609
903,Judith,Frazier,Judith Frazier,judith.frazier@company.com,(997) 680-1761
905,John,Fredericksen,John Fredericksen,john.fredericksen@company.com,(824) 765-0741
907,Susan,French,Susan French,susan.french@company.com,(809) 558-4728
909,Liam,Friedland,Liam Friedland,liam.friedland@company.com,(368) 984-1946
911,Mihail,Frintu,Mihail Frintu,mihail.frintu@company.com,(416) 758-5990
915,Paul,Fulton,Paul Fulton,paul.fulton@company.com,(439) 880-0742
919,Bob,Gage,Bob Gage,bob.gage@company.com,(225) 987-2440
921,Aldeen,Gallagher,Aldeen Gallagher,aldeen.gallagher@company.com,(459) 726-4902
923,Michael,Galos,Michael Galos,michael.galos@company.com,(788) 994-7780
925,Jon,Ganio,Jon Ganio,jon.ganio@company.com,(255) 369-5040
927,Kathleen,Garza,Kathleen Garza,kathleen.garza@company.com,(297) 699-3728
929,Dominic,Gash,Dominic Gash,dominic.gash@company.com,(297) 489-6229
931,Janet,Gates,Janet Gates,janet.gates@company.com,(430) 330-7225
933,Orlando,Gee,Orlando Gee,orlando.gee@company.com,(762) 836-8221
935,Darren,Gehring,Darren Gehring,darren.gehring@company.com,(902) 585-7837
937,Jim,Geist,Jim Geist,jim.geist@company.com,(852) 985-8950
939,Barbara,German,Barbara German,barbara.german@company.com,(749) 933-4571
941,Tom,Getzinger,Tom Getzinger,tom.getzinger@company.com,(634) 637-5194
943,Leo,Giakoumakis,Leo Giakoumakis,leo.giakoumakis@company.com,(958) 641-9395
945,Cornett,Gibbens,Cornett Gibbens,cornett.gibbens@company.com,(865) 440-4712
947,Frances,Giglio,Frances Giglio,frances.giglio@company.com,(357) 673-3310
949,Guy,Gilbert,Guy Gilbert,guy.gilbert@company.com,(684) 419-9614
951,Janet,Gilliat,Janet Gilliat,janet.gilliat@company.com,(530) 530-1641
953,Mary,Gimmi,Mary Gimmi,mary.gimmi@company.com,(857) 320-9016
957,Jeanie,Glenn,Jeanie Glenn,jeanie.glenn@company.com,(467) 934-5262
959,Diane,Glimp,Diane Glimp,diane.glimp@company.com,(601) 580-2868
961,James,Glynn,James Glynn,james.glynn@company.com,(820) 872-4742
963,Scott,Gode,Scott Gode,scott.gode@company.com,(204) 354-7444
965,Mete,Goktepe,Mete Goktepe,mete.goktepe@company.com,(928) 943-1845
969,Brian,Goldstein,Brian Goldstein,brian.goldstein@company.com,(727) 620-5523
973,Linda,Gonzales,Linda Gonzales,linda.gonzales@company.com,(693) 496-7007
971,Lynn,Gonzales,Lynn Gonzales,lynn.gonzales@company.com,(716) 322-7822
975,Abigail,Gonzalez,Abigail Gonzalez,abigail.gonzalez@company.com,(730) 663-7319
977,Michael,Graff,Michael Graff,michael.graff@company.com,(654) 245-3871
979,Derek,Graham,Derek Graham,derek.graham@company.com,(217) 626-8233
981,Lowell,Graham,Lowell Graham,lowell.graham@company.com,(614) 793-3590
983,Jon,Grande,Jon Grande,jon.grande@company.com,(472) 995-6813
985,Jane,Greer,Jane Greer,jane.greer@company.com,(983) 591-8609
987,Geoff,Grisso,Geoff Grisso,geoff.grisso@company.com,(985) 391-1011
989,Douglas,Groncki,Douglas Groncki,douglas.groncki@company.com,(598) 425-8525
991,Brian,Groth,Brian Groth,brian.groth@company.com,(913) 918-7298
993,Faith,Gustafson,Faith Gustafson,faith.gustafson@company.com,(272) 879-0945
997,Hattie,Haemon,Hattie Haemon,hattie.haemon@company.com,(940) 840-3570
999,Matthew,Hagemann,Matthew Hagemann,matthew.hagemann@company.com,(306) 718-0987
1001,Erin,Hagens,Erin Hagens,erin.hagens@company.com,(370) 662-2218
1003,Betty,Haines,Betty Haines,betty.haines@company.com,(856) 966-1314
1009,Bryan,Hamilton,Bryan Hamilton,bryan.hamilton@company.com,(451) 486-8664
1011,James,Hamilton,James Hamilton,james.hamilton@company.com,(430) 247-8920
1015,Jean,Handley,Jean Handley,jean.handley@company.com,(886) 537-5671
1013,Kerim,Hanif,Kerim Hanif,kerim.hanif@company.com,(443) 306-0256
1047,John,Hanson,John Hanson,john.hanson@company.com,(531) 390-7314
1017,Mark,Hanson,Mark Hanson,mark.hanson@company.com,(230) 873-8843
1019,William,Hapke,William Hapke,william.hapke@company.com,(502) 639-5224
1021,Katherine,Harding,Katherine Harding,katherine.harding@company.com,(734) 483-6775
1023,Kimberly,Harrington,Kimberly Harrington,kimberly.harrington@company.com,(640) 468-8120
1025,Lucy,Harrington,Lucy Harrington,lucy.harrington@company.com,(256) 766-2444
1027,Keith,Harris,Keith Harris,keith.harris@company.com,(662) 933-4927
995,Greg,Harrison,Greg Harrison,greg.harrison@company.com,(470) 868-8683
1029,Doris,Hartwig,Doris Hartwig,doris.hartwig@company.com,(463) 635-1295
1031,Roger,Harui,Roger Harui,roger.harui@company.com,(951) 504-6179
1033,Ann,Hass,Ann Hass,ann.hass@company.com,(213) 573-5455
1035,Mark,Hassall,Mark Hassall,mark.hassall@company.com,(603) 517-3974
1037,Neal,Hasty,Neal Hasty,neal.hasty@company.com,(563) 746-7639
1039,James,Haugh,James Haugh,james.haugh@company.com,(744) 787-7635
1041,Jeff,Hay,Jeff Hay,jeff.hay@company.com,(375) 555-6781
1043,Brenda,Heaney,Brenda Heaney,brenda.heaney@company.com,(293) 404-9065
1045,James,Hendergart,James Hendergart,james.hendergart@company.com,(842) 553-6223
1049,Valerie,Hendricks,Valerie Hendricks,valerie.hendricks@company.com,(578) 747-8037
1051,Jay,Henningsen,Jay Henningsen,jay.henningsen@company.com,(925) 428-8000
1053,Jeff,Henshaw,Jeff Henshaw,jeff.henshaw@company.com,(480) 210-0104
1055,Kari,Hensien,Kari Hensien,kari.hensien@company.com,(823) 320-3583
1059,Irene,Hernandez,Irene Hernandez,irene.hernandez@company.com,(950) 970-0108
1061,Jésus,Hernandez,Jésus Hernandez,jesus.hernandez@company.com,(800) 684-0280
1063,Pam,Herrick,Pam Herrick,pam.herrick@company.com,(821) 382-3948
1065,Cheryl,Herring,Cheryl Herring,cheryl.herring@company.com,(598) 654-6502
1067,Ronald,Heymsfield,Ronald Heymsfield,ronald.heymsfield@company.com,(356) 993-3700
1069,Sidney,Higa,Sidney Higa,sidney.higa@company.com,(610) 366-6179
1071,Onetha,Higgs,Onetha Higgs,onetha.higgs@company.com,(900) 417-7109
1073,Fran,Highfill,Fran Highfill,fran.highfill@company.com,(791) 233-9286
1077,Andrew,Hill,Andrew Hill,andrew.hill@company.com,(940) 348-9232
1075,Geneva,Hill,Geneva Hill,geneva.hill@company.com,(225) 239-2362
1079,Reinout,Hillmann,Reinout Hillmann,reinout.hillmann@company.com,(814) 493-9284
1081,Mike,Hines,Mike Hines,mike.hines@company.com,(885) 821-8204
1083,Matthew,Hink,Matthew Hink,matthew.hink@company.com,(701) 831-5580
1085,Nancy,Hirota,Nancy Hirota,nancy.hirota@company.com,(850) 677-3737
1087,Rose,Hirsch,Rose Hirsch,rose.hirsch@company.com,(786) 829-6227
1089,Douglas,Hite,Douglas Hite,douglas.hite@company.com,(394) 511-4390
1099,Bob,Hodges,Bob Hodges,bob.hodges@company.com,(462) 855-1745
1091,David,Hodgson,David Hodgson,david.hodgson@company.com,(304) 954-1674
1093,Helge,Hoeing,Helge Hoeing,helge.hoeing@company.com,(412) 878-9088
1095,Barbara,Hoffman,Barbara Hoffman,barbara.hoffman@company.com,(810) 358-1524
1101,Jean,Holloway,Jean Holloway,jean.holloway@company.com,(760) 666-1387
1107,Juanita,Holman,Juanita Holman,juanita.holman@company.com,(598) 462-2274
1105,Eddie,Holmes,Eddie Holmes,eddie.holmes@company.com,(644) 921-2739
1109,Peter,Houston,Peter Houston,peter.houston@company.com,(846) 671-5916
1111,Curtis,Howard,Curtis Howard,curtis.howard@company.com,(637) 571-2219
1113,Joe,Howard,Joe Howard,joe.howard@company.com,(606) 796-5399
1115,Janice,Hows,Janice Hows,janice.hows@company.com,(956) 445-9883
1117,George,Huckaby,George Huckaby,george.huckaby@company.com,(575) 465-4775
1121,Arlene,Huff,Arlene Huff,arlene.huff@company.com,(993) 764-6437
1119,Joshua,Huff,Joshua Huff,joshua.huff@company.com,(719) 598-2947
1125,Phyllis,Huntsman,Phyllis Huntsman,phyllis.huntsman@company.com,(273) 941-6703
1127,Lawrence,Hurkett,Lawrence Hurkett,lawrence.hurkett@company.com,(924) 542-6932
1133,Lucio,Iallo,Lucio Iallo,lucio.iallo@company.com,(817) 996-8755
1129,Ryan,Ihrig,Ryan Ihrig,ryan.ihrig@company.com,(880) 789-1392
1131,Beth,Inghram,Beth Inghram,beth.inghram@company.com,(335) 490-9227
1135,Richard,Irwin,Richard Irwin,richard.irwin@company.com,(856) 301-4239
1137,Erik,Ismert,Erik Ismert,erik.ismert@company.com,(588) 575-6408
1139,Denean,Ison,Denean Ison,denean.ison@company.com,(998) 450-7909
1141,Raman,Iyer,Raman Iyer,raman.iyer@company.com,(346) 312-5707
1143,Bronson,Jacobs,Bronson Jacobs,bronson.jacobs@company.com,(657) 587-5706
1145,Eric,Jacobsen,Eric Jacobsen,eric.jacobsen@company.com,(917) 951-4919
1147,Jodan,Jacobson,Jodan Jacobson,jodan.jacobson@company.com,(210) 712-3996
337,Sean,Jacobson,Sean Jacobson,sean.jacobson@company.com,(482) 786-7570
1151,David,Jaffe,David Jaffe,david.jaffe@company.com,(562) 466-0478
1153,Jay,Jamison,Jay Jamison,jay.jamison@company.com,(579) 860-3519
1157,Joyce,Jarvis,Joyce Jarvis,joyce.jarvis@company.com,(541) 382-5993
1159,George,Jiang,George Jiang,george.jiang@company.com,(737) 347-8646
1161,Stephen,Jiang,Stephen Jiang,stephen.jiang@company.com,(796) 891-5700
1155,Vance,Johns,Vance Johns,vance.johns@company.com,(779) 449-9669
1169,Barry,Johnson,Barry Johnson,barry.johnson@company.com,(325) 334-1916
1171,Brian,Johnson,Brian Johnson,brian.johnson@company.com,(452) 869-2258
1165,Danielle,Johnson,Danielle Johnson,danielle.johnson@company.com,(862) 982-9091
1173,David,Johnson,David Johnson,david.johnson@company.com,(474) 425-7389
1167,Greg,Johnson,Greg Johnson,greg.johnson@company.com,(250) 923-6290
1163,Samuel,Johnson,Samuel Johnson,samuel.johnson@company.com,(967) 877-2740
1175,Willis,Johnson,Willis Johnson,willis.johnson@company.com,(390) 540-4503
1177,Tamara,Johnston,Tamara Johnston,tamara.johnston@company.com,(584) 479-8115
367,Tom,Johnston,Tom Johnston,tom.johnston@company.com,(391) 685-8880
1181,Brannon,Jones,Brannon Jones,brannon.jones@company.com,(278) 561-4055
1183,Jean,Jordan,Jean Jordan,jean.jordan@company.com,(607) 651-7193
1185,Peggy,Justice,Peggy Justice,peggy.justice@company.com,(333) 796-2719
1195,Sandeep,Kaliyath,Sandeep Kaliyath,sandeep.kaliyath@company.com,(433) 295-8720
1197,John,Kane,John Kane,john.kane@company.com,(698) 454-4740
1199,Lori,Kane,Lori Kane,lori.kane@company.com,(681) 460-4543
1205,Sandeep,Katyal,Sandeep Katyal,sandeep.katyal@company.com,(423) 453-6434
1209,Kendall,Keil,Kendall Keil,kendall.keil@company.com,(929) 666-7405
1211,Victor,Kelley,Victor Kelley,victor.kelley@company.com,(316) 657-7996
1213,John,Kelly,John Kelly,john.kelly@company.com,(790) 375-1037
1215,Robert,Kelly,Robert Kelly,robert.kelly@company.com,(836) 574-5289
1249,Jim,Kennedy,Jim Kennedy,jim.kennedy@company.com,(658) 497-5631
1217,Kevin,Kennedy,Kevin Kennedy,kevin.kennedy@company.com,(201) 901-2588
1265,Mitch,Kennedy,Mitch Kennedy,mitch.kennedy@company.com,(970) 832-4945
1219,Mary,Kesslep,Mary Kesslep,mary.kesslep@company.com,(441) 741-6092
1223,Elizabeth,Keyser,Elizabeth Keyser,elizabeth.keyser@company.com,(406) 636-1494
1227,Imtiaz,Khan,Imtiaz Khan,imtiaz.khan@company.com,(303) 912-9726
1229,Karan,Khanna,Karan Khanna,karan.khanna@company.com,(587) 205-1975
1233,Jim,Kim,Jim Kim,jim.kim@company.com,(827) 336-1463
1231,Joe,Kim,Joe Kim,joe.kim@company.com,(315) 742-6270
1235,Shane,Kim,Shane Kim,shane.kim@company.com,(421) 292-7210
1237,Tim,Kim,Tim Kim,tim.kim@company.com,(732) 897-3559
1251,Kirk,King,Kirk King,kirk.king@company.com,(312) 396-5759
1239,Russell,King,Russell King,russell.king@company.com,(852) 541-4065
1241,Anton,Kirilov,Anton Kirilov,anton.kirilov@company.com,(604) 589-8348
1191,Sandra,Kitt,Sandra Kitt,sandra.kitt@company.com,(564) 237-6322
1243,Christian,Kleinerman,Christian Kleinerman,christian.kleinerman@company.com,(337) 380-5916
1245,Andrew,Kobylinski,Andrew Kobylinski,andrew.kobylinski@company.com,(726) 858-2830
1247,Reed,Koch,Reed Koch,reed.koch@company.com,(910) 304-3534
1253,Eugene,Kogan,Eugene Kogan,eugene.kogan@company.com,(206) 686-6939
1255,Scott,Konersmann,Scott Konersmann,scott.konersmann@company.com,(818) 441-5077
1257,Joy,Koski,Joy Koski,joy.koski@company.com,(383) 485-6401
1259,Pamala,Kotc,Pamala Kotc,pamala.kotc@company.com,(346) 503-1412
1261,Edward,Kozlowski,Edward Kozlowski,edward.kozlowski@company.com,(817) 242-1956
1187,Diane,Krane,Diane Krane,diane.krane@company.com,(220) 475-8568
1201,Judith,Krane,Judith Krane,judith.krane@company.com,(625) 441-0480
1203,Kay,Krane,Kay Krane,kay.krane@company.com,(764) 349-1262
1269,Margaret,Krupka,Margaret Krupka,margaret.krupka@company.com,(978) 707-9287
1271,Deepak,Kumar,Deepak Kumar,deepak.kumar@company.com,(452) 619-1889
1273,Jeffrey,Kung,Jeffrey Kung,jeffrey.kung@company.com,(580) 203-0753
1275,Vamsi,Kuppa,Vamsi Kuppa,vamsi.kuppa@company.com,(956) 420-9058
1279,Peter,Kurniawan,Peter Kurniawan,peter.kurniawan@company.com,(835) 565-4444
1277,Jeffrey,Kurtz,Jeffrey Kurtz,jeffrey.kurtz@company.com,(395) 380-2938
1281,Eric,Lang,Eric Lang,eric.lang@company.com,(580) 817-4625
1283,Rebecca,Laszlo,Rebecca Laszlo,rebecca.laszlo@company.com,(651) 905-3287
1285,Cecilia,Laursen,Cecilia Laursen,cecilia.laursen@company.com,(694) 575-9694
1287,David,Lawrence,David Lawrence,david.lawrence@company.com,(938) 520-6718
1289,Elsa,Leavitt,Elsa Leavitt,elsa.leavitt@company.com,(238) 705-0023
1293,Marjorie,Lee,Marjorie Lee,marjorie.lee@company.com,(841) 583-6878
1297,Mark,Lee,Mark Lee,mark.lee@company.com,(902) 610-3792
1291,Michael,Lee,Michael Lee,michael.lee@company.com,(857) 391-8280
1299,Robertson,Lee,Robertson Lee,robertson.lee@company.com,(461) 262-3879
1301,Jolie,Lenehan,Jolie Lenehan,jolie.lenehan@company.com,(645) 855-7417
1303,Roger,Lengel,Roger Lengel,roger.lengel@company.com,(631) 529-1785
1305,A.,Leonetti,A. Leonetti,a.leonetti@company.com,(412) 975-6660
1307,Bonnie,Lepro,Bonnie Lepro,bonnie.lepro@company.com,(385) 574-7591
1309,Gloria,Lesko,Gloria Lesko,gloria.lesko@company.com,(449) 235-2430
1311,Linda,Leste,Linda Leste,linda.leste@company.com,(335) 880-4896
1315,Judy,Lew,Judy Lew,judy.lew@company.com,(620) 878-9013
1317,Elsie,Lewin,Elsie Lewin,elsie.lewin@company.com,(517) 321-0195
1319,George,Li,George Li,george.li@company.com,(232) 565-1376
1321,Yale,Li,Yale Li,yale.li@company.com,(610) 337-2110
1323,Yan,Li,Yan Li,yan.li@company.com,(351) 270-2752
1325,Yuhong,Li,Yuhong Li,yuhong.li@company.com,(867) 266-2831
1327,Joseph,Lique,Joseph Lique,joseph.lique@company.com,(732) 647-2435
1329,Paulo,Lisboa,Paulo Lisboa,paulo.lisboa@company.com,(299) 547-6750
1331,David,Liu,David Liu,david.liu@company.com,(901) 662-6868
1333,Jinghao,Liu,Jinghao Liu,jinghao.liu@company.com,(583) 265-7859
1335,Kevin,Liu,Kevin Liu,kevin.liu@company.com,(959) 764-2946
1337,Run,Liu,Run Liu,run.liu@company.com,(259) 504-0959
1339,Todd,Logan,Todd Logan,todd.logan@company.com,(985) 521-4060
1341,Kok-Ho,Loh,Kok-Ho Loh,kok.loh@company.com,(548) 239-6363
1343,John,Long,John Long,john.long@company.com,(722) 595-5878
1345,Sharon,Looney,Sharon Looney,sharon.looney@company.com,(259) 493-8064
1349,Spencer,Low,Spencer Low,spencer.low@company.com,(627) 210-3811
1351,Anita,Lucerne,Anita Lucerne,anita.lucerne@company.com,(508) 905-3300
1353,Jose,Lugo,Jose Lugo,jose.lugo@company.com,(452) 700-2420
1355,Richard,Lum,Richard Lum,richard.lum@company.com,(418) 715-6481
1357,Judy,Lundahl,Judy Lundahl,judy.lundahl@company.com,(354) 722-7157
1361,Helen,Lutes,Helen Lutes,helen.lutes@company.com,(952) 739-2872
1363,Robert,Lyeba,Robert Lyeba,robert.lyeba@company.com,(844) 420-9385
1365,Sharon,Lynn,Sharon Lynn,sharon.lynn@company.com,(890) 495-3619
1367,Robert,Lyon,Robert Lyon,robert.lyon@company.com,(372) 713-5682
1369,Jenny,Lysaker,Jenny Lysaker,jenny.lysaker@company.com,(721) 770-4345
1371,Denise,Maccietto,Denise Maccietto,denise.maccietto@company.com,(531) 741-0020
1373,Scott,MacDonald,Scott MacDonald,scott.macdonald@company.com,(267) 826-8078
1377,Patrick,Magenheimer,Patrick Magenheimer,patrick.magenheimer@company.com,(858) 817-9470
1379,Kimberly,Malmendier,Kimberly Malmendier,kimberly.malmendier@company.com,(527) 304-0328
1381,Ajay,Manchepalli,Ajay Manchepalli,ajay.manchepalli@company.com,(741) 352-6151
1383,Parul,Manek,Parul Manek,parul.manek@company.com,(418) 359-7909
1385,Tomas,Manzanares,Tomas Manzanares,tomas.manzanares@company.com,(262) 820-1659
1387,Kathy,Marcovecchio,Kathy Marcovecchio,kathy.marcovecchio@company.com,(733) 888-4346
1391,Melissa,Marple,Melissa Marple,melissa.marple@company.com,(643) 306-9367
1393,Cecelia,Marshall,Cecelia Marshall,cecelia.marshall@company.com,(920) 706-1435
1403,Frank,Mart¡nez,Frank Mart¡nez,frank.martnez@company.com,(697) 510-3390
1395,Benjamin,Martin,Benjamin Martin,benjamin.martin@company.com,(441) 914-6512
1397,Linda,Martin,Linda Martin,linda.martin@company.com,(974) 386-3029
1399,Mindy,Martin,Mindy Martin,mindy.martin@company.com,(765) 470-4313
1405,Steve,Masters,Steve Masters,steve.masters@company.com,(974) 549-1009
1407,Joseph,Matthews,Joseph Matthews,joseph.matthews@company.com,(786) 580-6342
1409,Jennifer,Maxham,Jennifer Maxham,jennifer.maxham@company.com,(887) 574-1293
1411,Chris,Maxwell,Chris Maxwell,chris.maxwell@company.com,(808) 417-2832
1413,Sandra,Maynard,Sandra Maynard,sandra.maynard@company.com,(433) 406-1283
1375,Walter,Mays,Walter Mays,walter.mays@company.com,(832) 651-1425
1419,Stacie,Mcanich,Stacie Mcanich,stacie.mcanich@company.com,(886) 748-7506
1421,Katie,McAskill-White,Katie McAskill-White,katie.white@company.com,(299) 816-2451
1423,Lola,McCarthy,Lola McCarthy,lola.mccarthy@company.com,(499) 319-1654
1425,Jane,McCarty,Jane McCarty,jane.mccarty@company.com,(685) 846-7955
1415,John,McClane,John McClane,john.mcclane@company.com,(902) 662-9972
1427,Nikki,McCormick,Nikki McCormick,nikki.mccormick@company.com,(806) 730-7785
1429,James,McCoy,James McCoy,james.mccoy@company.com,(650) 744-4593
1431,Christinia,McDonald,Christinia McDonald,christinia.mcdonald@company.com,(913) 447-5257
1433,Alejandro,McGuel,Alejandro McGuel,alejandro.mcguel@company.com,(669) 337-3463
1417,Robin,McGuigan,Robin McGuigan,robin.mcguigan@company.com,(878) 708-2604
1435,Yvonne,McKay,Yvonne McKay,yvonne.mckay@company.com,(348) 828-9317
1437,Nkenge,McLin,Nkenge McLin,nkenge.mclin@company.com,(223) 503-0541
1439,Nancy,McPhearson,Nancy McPhearson,nancy.mcphearson@company.com,(905) 545-7605
1441,Nellie,Medina,Nellie Medina,nellie.medina@company.com,(810) 557-9732
1443,Raquel,Mello,Raquel Mello,raquel.mello@company.com,(927) 752-4237
1447,R. Morgan,Mendoza,R. Morgan Mendoza,r.mendoza@company.com,(340) 802-9375
1449,Tosh,Meston,Tosh Meston,tosh.meston@company.com,(533) 546-8409
1453,Stephen,Mew,Stephen Mew,stephen.mew@company.com,(207) 429-0138
1459,Deanna,Meyer,Deanna Meyer,deanna.meyer@company.com,(549) 646-6168
1455,Eric,Meyer,Eric Meyer,eric.meyer@company.com,(774) 574-8530
1457,Helen,Meyer,Helen Meyer,helen.meyer@company.com,(891) 285-9198
1461,Gary,Meyerhoff,Gary Meyerhoff,gary.meyerhoff@company.com,(641) 915-4529
1463,Ramesh,Meyyappan,Ramesh Meyyappan,ramesh.meyyappan@company.com,(744) 632-8475
1465,Thomas,Michaels,Thomas Michaels,thomas.michaels@company.com,(509) 852-0417
1467,Jan,Miksovsky,Jan Miksovsky,jan.miksovsky@company.com,(944) 866-0578
1475,Ben,Miller,Ben Miller,ben.miller@company.com,(553) 958-4918
1477,Dylan,Miller,Dylan Miller,dylan.miller@company.com,(482) 617-2096
1473,Emilo,Miller,Emilo Miller,emilo.miller@company.com,(682) 713-5820
1479,Frank,Miller,Frank Miller,frank.miller@company.com,(546) 754-9593
1471,Matthew,Miller,Matthew Miller,matthew.miller@company.com,(671) 909-9507
1469,Virginia,Miller,Virginia Miller,virginia.miller@company.com,(373) 368-4888
1483,Linda,Mitchell,Linda Mitchell,linda.mitchell@company.com,(802) 435-6704
1481,Neva,Mitchell,Neva Mitchell,neva.mitchell@company.com,(925) 417-5449
1485,Scott,Mitchell,Scott Mitchell,scott.mitchell@company.com,(450) 274-3430
1489,Joseph,Mitzner,Joseph Mitzner,joseph.mitzner@company.com,(492) 912-7105
303,Margaret,Smith,Margaret Smith,margaret.smith@company.com,(866) 960-0618
1795,Laura,Steele,Laura Steele,laura.steele@company.com,(550) 783-0293
1797,Shanay,Steelman,Shanay Steelman,shanay.steelman@company.com,(233) 742-1682
1801,Stefano,Stefani,Stefano Stefani,stefano.stefani@company.com,(889) 621-0749
1803,Alan,Steiner,Alan Steiner,alan.steiner@company.com,(647) 762-5615
1811,Alice,Steiner,Alice Steiner,alice.steiner@company.com,(953) 460-3742
1805,Derik,Stenerson,Derik Stenerson,derik.stenerson@company.com,(523) 298-2768
1807,Vassar,Stern,Vassar Stern,vassar.stern@company.com,(350) 848-0796
1809,Wathalee,Steuber,Wathalee Steuber,wathalee.steuber@company.com,(210) 216-7279
1813,Liza Marie,Stevens,Liza Marie Stevens,liza.stevens@company.com,(818) 672-3366
1815,Jim,Stewart,Jim Stewart,jim.stewart@company.com,(246) 384-9922
1817,Judy,Storjohann,Judy Storjohann,judy.storjohann@company.com,(461) 341-1741
1821,Robert,Stotka,Robert Stotka,robert.stotka@company.com,(939) 548-3304
1823,Kayla,Stotler,Kayla Stotler,kayla.stotler@company.com,(764) 408-8132
1825,Charles,Strange,Charles Strange,charles.strange@company.com,(575) 500-1458
1827,Ruby Sue,Styles,Ruby Sue Styles,ruby.styles@company.com,(397) 418-1229
1829,Min,Su,Min Su,min.su@company.com,(343) 944-7606
1831,Gary,Suess,Gary Suess,gary.suess@company.com,(212) 245-5123
1833,Ruth,Suffin,Ruth Suffin,ruth.suffin@company.com,(202) 455-7171
1835,Elizabeth,Sullivan,Elizabeth Sullivan,elizabeth.sullivan@company.com,(615) 721-6566
1837,Michael,Sullivan,Michael Sullivan,michael.sullivan@company.com,(874) 876-2732
1839,Marcia,Sultan,Marcia Sultan,marcia.sultan@company.com,(320) 416-9678
1841,Nate,Sun,Nate Sun,nate.sun@company.com,(997) 496-5875
1843,Krishna,Sunkammurali,Krishna Sunkammurali,krishna.sunkammurali@company.com,(227) 916-7220
1845,Brad,Sutton,Brad Sutton,brad.sutton@company.com,(214) 708-9447
1851,Katherine,Swan,Katherine Swan,katherine.swan@company.com,(558) 363-7895
1849,Abraham,Swearengin,Abraham Swearengin,abraham.swearengin@company.com,(762) 202-8283
1855,Shelly,Szymanski,Shelly Szymanski,shelly.szymanski@company.com,(972) 375-3946
1857,Julie,Taft-Rider,Julie Taft-Rider,julie.rider@company.com,(740) 586-6607
1859,Clarence,Tatman,Clarence Tatman,clarence.tatman@company.com,(517) 997-1442
1861,Damon,Taylor,Damon Taylor,damon.taylor@company.com,(975) 370-1681
1865,Denis,Taylor,Denis Taylor,denis.taylor@company.com,(860) 219-4990
1863,Mike,Taylor,Mike Taylor,mike.taylor@company.com,(575) 703-7445
1869,Chad,Tedford,Chad Tedford,chad.tedford@company.com,(789) 957-1868
1871,Sameer,Tejani,Sameer Tejani,sameer.tejani@company.com,(330) 754-8973
1873,Vanessa,Tench,Vanessa Tench,vanessa.tench@company.com,(710) 472-6704
1867,Jeff,Teper,Jeff Teper,jeff.teper@company.com,(349) 531-6437
1875,Judy,Thames,Judy Thames,judy.thames@company.com,(573) 716-0761
1877,Karen,Theisen,Karen Theisen,karen.theisen@company.com,(377) 470-8689
1879,Ram,Thirunavukkarasu,Ram Thirunavukkarasu,ram.thirunavukkarasu@company.com,(286) 982-9479
1883,James,Thomas,James Thomas,james.thomas@company.com,(421) 899-5273
1881,Phyllis,Thomas,Phyllis Thomas,phyllis.thomas@company.com,(869) 546-5617
1889,Daniel,Thompson,Daniel Thompson,daniel.thompson@company.com,(672) 469-8393
1885,Donald,Thompson,Donald Thompson,donald.thompson@company.com,(685) 533-4760
1887,Kendra,Thompson,Kendra Thompson,kendra.thompson@company.com,(722) 715-9212
1891,Andrea,Thomsen,Andrea Thomsen,andrea.thomsen@company.com,(999) 884-6920
1893,Rossane,Thoreson,Rossane Thoreson,rossane.thoreson@company.com,(281) 262-0869
1895,Yuping,Tian,Yuping Tian,yuping.tian@company.com,(234) 444-2399
1897,Mike,Tiano,Mike Tiano,mike.tiano@company.com,(243) 257-1679
1899,Diane,Tibbott,Diane Tibbott,diane.tibbott@company.com,(586) 584-0769
1901,Danielle,Tiedt,Danielle Tiedt,danielle.tiedt@company.com,(866) 780-0212
1903,Tony,Ting,Tony Ting,tony.ting@company.com,(639) 935-9640
1905,John,Tippett,John Tippett,john.tippett@company.com,(534) 921-3063
1909,Delia,Toone,Delia Toone,delia.toone@company.com,(481) 806-4572
1911,Alvin,Torre,Alvin Torre,alvin.torre@company.com,(622) 605-7640
1913,Anna,Townsend,Anna Townsend,anna.townsend@company.com,(402) 790-4934
1915,Glenn,Track,Glenn Track,glenn.track@company.com,(998) 715-8608
1917,Abe,Tramel,Abe Tramel,abe.tramel@company.com,(528) 382-6814
1923,Doris,Traube,Doris Traube,doris.traube@company.com,(815) 535-5424
1925,Jean,Trenary,Jean Trenary,jean.trenary@company.com,(743) 980-1879
1927,Billy,Trent,Billy Trent,billy.trent@company.com,(773) 505-6248
1929,David,Trolen,David Trolen,david.trolen@company.com,(364) 608-6143
1931,Michael John,Troyer,Michael John Troyer,michael.troyer@company.com,(970) 635-8419
1933,Christie,Trujillo,Christie Trujillo,christie.trujillo@company.com,(312) 213-3492
1935,Lynn,Tsoflias,Lynn Tsoflias,lynn.tsoflias@company.com,(813) 812-0389
1937,Gracia,Tuell,Gracia Tuell,gracia.tuell@company.com,(950) 310-2916
1939,Phyllis,Tuffield,Phyllis Tuffield,phyllis.tuffield@company.com,(681) 546-6357
1943,Sairaj,Uddin,Sairaj Uddin,sairaj.uddin@company.com,(966) 706-1938
1945,Sunil,Uppal,Sunil Uppal,sunil.uppal@company.com,(291) 215-8238
1947,Mary,Vaca,Mary Vaca,mary.vaca@company.com,(344) 347-6249
1949,Rachel,Valdez,Rachel Valdez,rachel.valdez@company.com,(807) 483-2234
1953,H.,Valentine,H. Valentine,h.valentine@company.com,(884) 445-0182
1955,Jessie,Valerio,Jessie Valerio,jessie.valerio@company.com,(410) 299-6456
1951,Esther,Valle,Esther Valle,esther.valle@company.com,(343) 736-8397
1957,Johnathan,Van Eaton,Johnathan Van Eaton,johnathan.eaton@company.com,(422) 594-3183
1959,Roger,Van Houten,Roger Van Houten,roger.houten@company.com,(329) 287-9005
1961,Mandy,Vance,Mandy Vance,mandy.vance@company.com,(341) 613-9512
1963,Rose,Vandenouer,Rose Vandenouer,rose.vandenouer@company.com,(955) 431-4671
1965,Gregory,Vanderbout,Gregory Vanderbout,gregory.vanderbout@company.com,(335) 975-5008
1967,Michael,Vanderhyde,Michael Vanderhyde,michael.vanderhyde@company.com,(499) 756-2762
1969,Margaret,Vanderkamp,Margaret Vanderkamp,margaret.vanderkamp@company.com,(253) 564-5889
1971,Kara,Vanderlinden,Kara Vanderlinden,kara.vanderlinden@company.com,(457) 975-5004
1977,Gary,Vargas,Gary Vargas,gary.vargas@company.com,(981) 491-4597
1975,Nieves,Vargas,Nieves Vargas,nieves.vargas@company.com,(483) 611-0305
1979,Ranjit,Varkey Chudukatil,Ranjit Varkey Chudukatil,ranjit.chudukatil@company.com,(299) 893-0600
1981,Patricia,Vasquez,Patricia Vasquez,patricia.vasquez@company.com,(688) 925-6430
1983,Raja,Venugopal,Raja Venugopal,raja.venugopal@company.com,(594) 478-8362
1985,Kevin,Verboort,Kevin Verboort,kevin.verboort@company.com,(365) 239-2717
1987,Dora,Verdad,Dora Verdad,dora.verdad@company.com,(472) 499-2395
1989,Wanda,Vernon,Wanda Vernon,wanda.vernon@company.com,(950) 573-1029
1991,Robert,Vessa,Robert Vessa,robert.vessa@company.com,(653) 238-5918
1993,Caroline,Vicknair,Caroline Vicknair,caroline.vicknair@company.com,(877) 205-1691
